accession,file,file_format,nfcore_name,library,content_type,current_content_type,filtered,current_filtered,normalized,current_normalized,reference_files,current_reference_files,derived_from,current_derived_from,upload_status,md5sum,description,note
IGVFFI8734PFCK,Hs27_REP1.mLb.clN.sorted.bam,bam,Hs27_REP1,RA479-3,alignments,alignments,TRUE,FALSE,,,IGVFFI0653VCGH,IGVFFI8743BGYR,IGVFFI6742USNR;IGVFFI9840VYSI,IGVFFI3064NVOS;IGVFFI0472VKYX;IGVFFI8319CHGD;IGVFFI9680ZMZH,validated,1bd4288927f1790e8cbed88c6fdb6509,"ATAC-seq alignments for parental Hs27 fibroblasts, library RA479-3 (nf-core sample name Hs27_REP1; the nf-core replicate numbering is independent of the bench numbering). Reads from 1 sequencing run(s) aligned to GRCh38 with BWA, then filtered to remove duplicates, mitochondrial reads, ENCODE blacklist regions and unpaired mates, leaving 43,527,858 mapped reads.","derived_from is wrong - this file contains RA479-3, not the library its nf-core name implies"
IGVFFI1130AVUX,Hs27_REP1.mLb.clN.sorted.bam.bai,bai,Hs27_REP1,RA479-3,index,index,,FALSE,,,IGVFFI0653VCGH,IGVFFI8743BGYR,IGVFFI8734PFCK,IGVFFI8734PFCK,validated,a3a10ca70030a84f308f10dfe71b8790,,
IGVFFI4199OOUU,Hs27_REP1.mLb.clN.bigWig,bigWig,Hs27_REP1,RA479-3,read-depth signal,signal,TRUE,,TRUE,FALSE,IGVFFI0653VCGH,IGVFFI8743BGYR,IGVFFI8734PFCK,IGVFFI8734PFCK,validated,30c42697a7517795c5e18f71565e8e4c,"ATAC-seq signal for parental Hs27 fibroblasts, library RA479-3 (nf-core sample name Hs27_REP1; the nf-core replicate numbering is independent of the bench numbering). Coverage of duplicate-removed, blacklist-filtered alignments scaled to counts per million, scale factor 0.0229738 for 43,527,858 mapped reads.","derived_from is wrong - this file contains RA479-3, not the library its nf-core name implies"
IGVFFI1333TQNF,Hs27_REP2.mLb.clN.sorted.bam,bam,Hs27_REP2,RA479-2,alignments,alignments,TRUE,FALSE,,,IGVFFI0653VCGH,IGVFFI8743BGYR,IGVFFI6190LDFT;IGVFFI1974SEQI;IGVFFI9637TXTU;IGVFFI7729RHXB;IGVFFI5380DCXF;IGVFFI8562GGWH,IGVFFI6190LDFT;IGVFFI1974SEQI;IGVFFI9637TXTU;IGVFFI7729RHXB;IGVFFI5380DCXF;IGVFFI8562GGWH,validated,62c38486d05b38fc73ed78928fb905ec,"ATAC-seq alignments for parental Hs27 fibroblasts, library RA479-2 (nf-core sample name Hs27_REP2; the nf-core replicate numbering is independent of the bench numbering). Reads from 3 sequencing run(s) aligned to GRCh38 with BWA, then filtered to remove duplicates, mitochondrial reads, ENCODE blacklist regions and unpaired mates, leaving 79,000,690 mapped reads.",
IGVFFI4980HZQV,Hs27_REP2.mLb.clN.sorted.bam.bai,bai,Hs27_REP2,RA479-2,index,index,,FALSE,,,IGVFFI0653VCGH,IGVFFI8743BGYR,IGVFFI1333TQNF,IGVFFI1333TQNF,validated,1ba737907be9632f00429d7b5d56aa91,,"RE-UPLOAD - upload_status is invalidated on the portal, but the md5 matches the nf-core output, so the bytes are correct"
IGVFFI0367LVLH,Hs27_REP2.mLb.clN.bigWig,bigWig,Hs27_REP2,RA479-2,read-depth signal,signal,TRUE,,TRUE,FALSE,IGVFFI0653VCGH,IGVFFI8743BGYR,IGVFFI1333TQNF,IGVFFI1333TQNF,validated,10b64218fe790d920c42668cbe56834c,"ATAC-seq signal for parental Hs27 fibroblasts, library RA479-2 (nf-core sample name Hs27_REP2; the nf-core replicate numbering is independent of the bench numbering). Coverage of duplicate-removed, blacklist-filtered alignments scaled to counts per million, scale factor 0.0126581 for 79,000,690 mapped reads.",
IGVFFI8359FWPE,Hs27_REP3.mLb.clN.sorted.bam,bam,Hs27_REP3,RA479-1,alignments,alignments,TRUE,FALSE,,,IGVFFI0653VCGH,IGVFFI8743BGYR,IGVFFI3064NVOS;IGVFFI0472VKYX;IGVFFI8319CHGD;IGVFFI9680ZMZH,IGVFFI6742USNR;IGVFFI9840VYSI,validated,c09c8098e05407b78633e010d5b09f8d,"ATAC-seq alignments for parental Hs27 fibroblasts, library RA479-1 (nf-core sample name Hs27_REP3; the nf-core replicate numbering is independent of the bench numbering). Reads from 2 sequencing run(s) aligned to GRCh38 with BWA, then filtered to remove duplicates, mitochondrial reads, ENCODE blacklist regions and unpaired mates, leaving 74,051,896 mapped reads.","derived_from is wrong - this file contains RA479-1, not the library its nf-core name implies"
IGVFFI6565PXAY,Hs27_REP3.mLb.clN.sorted.bam.bai,bai,Hs27_REP3,RA479-1,index,index,,FALSE,,,IGVFFI0653VCGH,IGVFFI8743BGYR,IGVFFI8359FWPE,IGVFFI8359FWPE,validated,a14a02dbf0c5de633b3d37990ac8de81,,"RE-UPLOAD - upload_status is invalidated on the portal, but the md5 matches the nf-core output, so the bytes are correct"
IGVFFI8794JKNW,Hs27_REP3.mLb.clN.bigWig,bigWig,Hs27_REP3,RA479-1,read-depth signal,signal,TRUE,,TRUE,FALSE,IGVFFI0653VCGH,IGVFFI8743BGYR,IGVFFI8359FWPE,IGVFFI8359FWPE,validated,c30b6918fa5e3bf76a5f361cabe0c922,"ATAC-seq signal for parental Hs27 fibroblasts, library RA479-1 (nf-core sample name Hs27_REP3; the nf-core replicate numbering is independent of the bench numbering). Coverage of duplicate-removed, blacklist-filtered alignments scaled to counts per million, scale factor 0.013504 for 74,051,896 mapped reads.","derived_from is wrong - this file contains RA479-1, not the library its nf-core name implies"
